{
"lengthUnit": "mil",
"remark": [],
"components": {
	"fields": ["COMPONENT_NO", "COMPONENT_NAME", "LAYER", "X_COORDINATE", "Y_COORDINATE", "ANGLE"],
	"rows": [
		[1, "C1", "T", 2415, -1160, 270],
		[2, "C6", "T", 2950, -790, 0],
		[3, "C7", "T", 3695, -805, 180],
		[4, "D1", "T", 790, -765, 270],
		[5, "D2", "T", 1645, -770, 270],
		[6, "D3", "T", 790, -1580, 270],
		[7, "D4", "T", 1650, -1590, 270],
		[8, "H1", "T", 1238.391, -1179.451, 0],
		[9, "H2", "T", 3595, -1325, 180],
		[10, "U2", "T", 3265, -460, 0],
		[11, "PAD1", "T", 2415, -1060, 0],
		[12, "PAD1", "B", 2415, -1060, 0],
		[13, "PAD2", "T", 2415, -1260, 0],
		[14, "PAD2", "B", 2415, -1260, 0],
		[15, "PAD3", "T", 790, -926.42, 0],
		[16, "PAD3", "B", 790, -926.42, 0],
		[17, "PAD4", "T", 790, -603.58, 0],
		[18, "PAD4", "B", 790, -603.58, 0],
		[19, "PAD5", "T", 1645, -931.42, 0],
		[20, "PAD5", "B", 1645, -931.42, 0],
		[21, "PAD6", "T", 1645, -608.58, 0],
		[22, "PAD6", "B", 1645, -608.58, 0],
		[23, "PAD7", "T", 790, -1741.42, 0],
		[24, "PAD7", "B", 790, -1741.42, 0],
		[25, "PAD8", "T", 790, -1418.58, 0],
		[26, "PAD8", "B", 790, -1418.58, 0],
		[27, "PAD9", "T", 1650, -1751.42, 0],
		[28, "PAD9", "B", 1650, -1751.42, 0],
		[29, "PAD10", "T", 1650, -1428.58, 0],
		[30, "PAD10", "B", 1650, -1428.58, 0],
		[31, "PAD11", "T", 1188.391, -1179.451, 0],
		[32, "PAD11", "B", 1188.391, -1179.451, 0],
		[33, "PAD12", "T", 1288.391, -1179.451, 0],
		[34, "PAD12", "B", 1288.391, -1179.451, 0],
		[35, "PAD13", "T", 3645, -1325, 0],
		[36, "PAD13", "B", 3645, -1325, 0],
		[37, "PAD14", "T", 3545, -1325, 0],
		[38, "PAD14", "B", 3545, -1325, 0],
		[39, "PAD15", "T", 3265.003, -460.005, 0],
		[40, "PAD15", "B", 3265.003, -460.005, 0],
		[41, "PAD16", "T", 3365.003, -460.005, 0],
		[42, "PAD16", "B", 3365.003, -460.005, 0],
		[43, "PAD17", "T", 3165.003, -459.995, 0],
		[44, "PAD17", "B", 3165.003, -459.995, 0],
		[45, "PAD18", "T", 2989.37, -790, 0],
		[46, "PAD18", "B", 2989.37, -790, 0],
		[47, "PAD19", "T", 2910.63, -790, 0],
		[48, "PAD19", "B", 2910.63, -790, 0],
		[49, "PAD20", "T", 3655.63, -805, 0],
		[50, "PAD20", "B", 3655.63, -805, 0],
		[51, "PAD21", "T", 3734.37, -805, 0],
		[52, "PAD21", "B", 3734.37, -805, 0]
	]
},
"pins": {
	"fields": ["PIN_NO", "PIN_NAME", "PIN_X", "PIN_Y", "LAYER", "PIN_TYPE", "NET_NAME", "NET_TYPE", "PAD_SHAPE", "PAD_SIZEX", "PAD_SIZEY", "HOLE_SIZE", "HOLE_LEN", "PAD_ANGLE"],
	"rows": [
		[1, "C1_1", 2415, -1060, "T", "DIP", "$1N209", "", "C", 78.74, 78.74, 47.24, 47.24, 270],
		[2, "C1_1", 2415, -1060, "B", "DIP", "$1N209", "", "C", 78.74, 78.74, 47.24, 47.24, 270],
		[3, "C1_2", 2415, -1260, "T", "DIP", "GND", "GND", "C", 78.74, 78.74, 47.24, 47.24, 270],
		[4, "C1_2", 2415, -1260, "B", "DIP", "GND", "GND", "C", 78.74, 78.74, 47.24, 47.24, 270],
		[5, "C6_1", 2910.63, -790, "T", "DIP", "$1N209", "", "C", 43.307, 43.307, 27.56, 27.56, 0],
		[6, "C6_1", 2910.63, -790, "B", "DIP", "$1N209", "", "C", 43.307, 43.307, 27.56, 27.56, 0],
		[7, "C6_2", 2989.37, -790, "T", "DIP", "GND", "GND", "C", 43.307, 43.307, 27.56, 27.56, 0],
		[8, "C6_2", 2989.37, -790, "B", "DIP", "GND", "GND", "C", 43.307, 43.307, 27.56, 27.56, 0],
		[9, "C7_1", 3734.37, -805, "T", "DIP", "$1N721", "", "C", 43.307, 43.307, 27.56, 27.56, 180],
		[10, "C7_1", 3734.37, -805, "B", "DIP", "$1N721", "", "C", 43.307, 43.307, 27.56, 27.56, 180],
		[11, "C7_2", 3655.63, -805, "T", "DIP", "GND", "GND", "C", 43.307, 43.307, 27.56, 27.56, 180],
		[12, "C7_2", 3655.63, -805, "B", "DIP", "GND", "GND", "C", 43.307, 43.307, 27.56, 27.56, 180],
		[13, "D1_1", 790, -603.58, "T", "DIP", "$1N209", "", "C", 62.992, 62.992, 31.496, 31.496, 90],
		[14, "D1_1", 790, -603.58, "B", "DIP", "$1N209", "", "C", 62.992, 62.992, 31.496, 31.496, 90],
		[15, "D1_2", 790, -926.42, "T", "DIP", "$1N236", "", "C", 62.992, 62.992, 31.496, 31.496, 90],
		[16, "D1_2", 790, -926.42, "B", "DIP", "$1N236", "", "C", 62.992, 62.992, 31.496, 31.496, 90],
		[17, "D2_1", 1645, -608.58, "T", "DIP", "$1N209", "", "C", 62.992, 62.992, 31.496, 31.496, 90],
		[18, "D2_1", 1645, -608.58, "B", "DIP", "$1N209", "", "C", 62.992, 62.992, 31.496, 31.496, 90],
		[19, "D2_2", 1645, -931.42, "T", "DIP", "$1N215", "", "C", 62.992, 62.992, 31.496, 31.496, 90],
		[20, "D2_2", 1645, -931.42, "B", "DIP", "$1N215", "", "C", 62.992, 62.992, 31.496, 31.496, 90],
		[21, "D3_1", 790, -1418.58, "T", "DIP", "$1N236", "", "C", 62.992, 62.992, 31.496, 31.496, 90],
		[22, "D3_1", 790, -1418.58, "B", "DIP", "$1N236", "", "C", 62.992, 62.992, 31.496, 31.496, 90],
		[23, "D3_2", 790, -1741.42, "T", "DIP", "GND", "GND", "C", 62.992, 62.992, 31.496, 31.496, 90],
		[24, "D3_2", 790, -1741.42, "B", "DIP", "GND", "GND", "C", 62.992, 62.992, 31.496, 31.496, 90],
		[25, "D4_1", 1650, -1428.58, "T", "DIP", "$1N215", "", "C", 62.992, 62.992, 31.496, 31.496, 90],
		[26, "D4_1", 1650, -1428.58, "B", "DIP", "$1N215", "", "C", 62.992, 62.992, 31.496, 31.496, 90],
		[27, "D4_2", 1650, -1751.42, "T", "DIP", "GND", "GND", "C", 62.992, 62.992, 31.496, 31.496, 90],
		[28, "D4_2", 1650, -1751.42, "B", "DIP", "GND", "GND", "C", 62.992, 62.992, 31.496, 31.496, 90],
		[29, "H1_1", 1188.391, -1179.451, "T", "DIP", "$1N236", "", "R", 66.929, 66.929, 39.37, 39.37, 0],
		[30, "H1_1", 1188.391, -1179.451, "B", "DIP", "$1N236", "", "R", 66.929, 66.929, 39.37, 39.37, 0],
		[31, "H1_2", 1288.391, -1179.451, "T", "DIP", "$1N215", "", "C", 66.929, 66.929, 39.37, 39.37, 0],
		[32, "H1_2", 1288.391, -1179.451, "B", "DIP", "$1N215", "", "C", 66.929, 66.929, 39.37, 39.37, 0],
		[33, "H2_1", 3645, -1325, "T", "DIP", "$1N721", "", "R", 66.929, 66.929, 39.37, 39.37, 180],
		[34, "H2_1", 3645, -1325, "B", "DIP", "$1N721", "", "R", 66.929, 66.929, 39.37, 39.37, 180],
		[35, "H2_2", 3545, -1325, "T", "DIP", "GND", "GND", "C", 66.929, 66.929, 39.37, 39.37, 180],
		[36, "H2_2", 3545, -1325, "B", "DIP", "GND", "GND", "C", 66.929, 66.929, 39.37, 39.37, 180],
		[37, "U2_1", 3165.003, -459.995, "T", "DIP", "$1N209", "", "R", 78.74, 59.055, 31.496, 55.118, 0],
		[38, "U2_1", 3165.003, -459.995, "B", "DIP", "$1N209", "", "R", 78.74, 59.055, 31.496, 55.118, 0],
		[39, "U2_2", 3265.003, -460.005, "T", "DIP", "GND", "GND", "O", 78.74, 59.055, 31.496, 55.118, 0],
		[40, "U2_2", 3265.003, -460.005, "B", "DIP", "GND", "GND", "O", 78.74, 59.055, 31.496, 55.118, 0],
		[41, "U2_3", 3365.003, -460.005, "T", "DIP", "$1N721", "", "O", 78.74, 59.055, 31.496, 55.118, 0],
		[42, "U2_3", 3365.003, -460.005, "B", "DIP", "$1N721", "", "O", 78.74, 59.055, 31.496, 55.118, 0],
		[43, "PAD1_1", 2415, -1060, "T", "DIP", "$1N209", "", "C", 78.74, 78.74, 47.24, 47.24, 270],
		[44, "PAD1_1", 2415, -1060, "B", "DIP", "$1N209", "", "C", 78.74, 78.74, 47.24, 47.24, 270],
		[45, "PAD2_2", 2415, -1260, "T", "DIP", "GND", "GND", "C", 78.74, 78.74, 47.24, 47.24, 270],
		[46, "PAD2_2", 2415, -1260, "B", "DIP", "GND", "GND", "C", 78.74, 78.74, 47.24, 47.24, 270],
		[47, "PAD3_2", 790, -926.42, "T", "DIP", "$1N236", "", "C", 62.992, 62.992, 31.496, 31.496, 90],
		[48, "PAD3_2", 790, -926.42, "B", "DIP", "$1N236", "", "C", 62.992, 62.992, 31.496, 31.496, 90],
		[49, "PAD4_1", 790, -603.58, "T", "DIP", "$1N209", "", "C", 62.992, 62.992, 31.496, 31.496, 90],
		[50, "PAD4_1", 790, -603.58, "B", "DIP", "$1N209", "", "C", 62.992, 62.992, 31.496, 31.496, 90],
		[51, "PAD5_2", 1645, -931.42, "T", "DIP", "$1N215", "", "C", 62.992, 62.992, 31.496, 31.496, 90],
		[52, "PAD5_2", 1645, -931.42, "B", "DIP", "$1N215", "", "C", 62.992, 62.992, 31.496, 31.496, 90],
		[53, "PAD6_1", 1645, -608.58, "T", "DIP", "$1N209", "", "C", 62.992, 62.992, 31.496, 31.496, 90],
		[54, "PAD6_1", 1645, -608.58, "B", "DIP", "$1N209", "", "C", 62.992, 62.992, 31.496, 31.496, 90],
		[55, "PAD7_2", 790, -1741.42, "T", "DIP", "GND", "GND", "C", 62.992, 62.992, 31.496, 31.496, 90],
		[56, "PAD7_2", 790, -1741.42, "B", "DIP", "GND", "GND", "C", 62.992, 62.992, 31.496, 31.496, 90],
		[57, "PAD8_1", 790, -1418.58, "T", "DIP", "$1N236", "", "C", 62.992, 62.992, 31.496, 31.496, 90],
		[58, "PAD8_1", 790, -1418.58, "B", "DIP", "$1N236", "", "C", 62.992, 62.992, 31.496, 31.496, 90],
		[59, "PAD9_2", 1650, -1751.42, "T", "DIP", "GND", "GND", "C", 62.992, 62.992, 31.496, 31.496, 90],
		[60, "PAD9_2", 1650, -1751.42, "B", "DIP", "GND", "GND", "C", 62.992, 62.992, 31.496, 31.496, 90],
		[61, "PAD10_1", 1650, -1428.58, "T", "DIP", "$1N215", "", "C", 62.992, 62.992, 31.496, 31.496, 90],
		[62, "PAD10_1", 1650, -1428.58, "B", "DIP", "$1N215", "", "C", 62.992, 62.992, 31.496, 31.496, 90],
		[63, "PAD11_1", 1188.391, -1179.451, "T", "DIP", "$1N236", "", "R", 66.929, 66.929, 39.37, 39.37, 0],
		[64, "PAD11_1", 1188.391, -1179.451, "B", "DIP", "$1N236", "", "R", 66.929, 66.929, 39.37, 39.37, 0],
		[65, "PAD12_2", 1288.391, -1179.451, "T", "DIP", "$1N215", "", "C", 66.929, 66.929, 39.37, 39.37, 0],
		[66, "PAD12_2", 1288.391, -1179.451, "B", "DIP", "$1N215", "", "C", 66.929, 66.929, 39.37, 39.37, 0],
		[67, "PAD13_1", 3645, -1325, "T", "DIP", "$1N721", "", "R", 66.929, 66.929, 39.37, 39.37, 180],
		[68, "PAD13_1", 3645, -1325, "B", "DIP", "$1N721", "", "R", 66.929, 66.929, 39.37, 39.37, 180],
		[69, "PAD14_2", 3545, -1325, "T", "DIP", "GND", "GND", "C", 66.929, 66.929, 39.37, 39.37, 180],
		[70, "PAD14_2", 3545, -1325, "B", "DIP", "GND", "GND", "C", 66.929, 66.929, 39.37, 39.37, 180],
		[71, "PAD15_2", 3265.003, -460.005, "T", "DIP", "GND", "GND", "O", 78.74, 59.055, 31.496, 55.118, 0],
		[72, "PAD15_2", 3265.003, -460.005, "B", "DIP", "GND", "GND", "O", 78.74, 59.055, 31.496, 55.118, 0],
		[73, "PAD16_3", 3365.003, -460.005, "T", "DIP", "$1N721", "", "O", 78.74, 59.055, 31.496, 55.118, 0],
		[74, "PAD16_3", 3365.003, -460.005, "B", "DIP", "$1N721", "", "O", 78.74, 59.055, 31.496, 55.118, 0],
		[75, "PAD17_1", 3165.003, -459.995, "T", "DIP", "$1N209", "", "R", 78.74, 59.055, 31.496, 55.118, 0],
		[76, "PAD17_1", 3165.003, -459.995, "B", "DIP", "$1N209", "", "R", 78.74, 59.055, 31.496, 55.118, 0],
		[77, "PAD18_2", 2989.37, -790, "T", "DIP", "GND", "GND", "C", 43.307, 43.307, 27.56, 27.56, 0],
		[78, "PAD18_2", 2989.37, -790, "B", "DIP", "GND", "GND", "C", 43.307, 43.307, 27.56, 27.56, 0],
		[79, "PAD19_1", 2910.63, -790, "T", "DIP", "$1N209", "", "C", 43.307, 43.307, 27.56, 27.56, 0],
		[80, "PAD19_1", 2910.63, -790, "B", "DIP", "$1N209", "", "C", 43.307, 43.307, 27.56, 27.56, 0],
		[81, "PAD20_2", 3655.63, -805, "T", "DIP", "GND", "GND", "C", 43.307, 43.307, 27.56, 27.56, 180],
		[82, "PAD20_2", 3655.63, -805, "B", "DIP", "GND", "GND", "C", 43.307, 43.307, 27.56, 27.56, 180],
		[83, "PAD21_1", 3734.37, -805, "T", "DIP", "$1N721", "", "C", 43.307, 43.307, 27.56, 27.56, 180],
		[84, "PAD21_1", 3734.37, -805, "B", "DIP", "$1N721", "", "C", 43.307, 43.307, 27.56, 27.56, 180]
	]
}
}